{
    "lmin": 5.0,
    "lmax": 20.0,
    "emin": -3.1253944478375857,
    "emax": -3.0946509582754684,
    "plmin": 5.0,
    "plmax": 20.0
}