{
    "emin": -3.1253944478375857,
    "emax": -3.0946509582754684
}